City_ID,City,Country,Date,Lat,Lng,Max Temp,Humidity,Cloudiness,Wind Speed
0,Port Alfred,ZA,"2021, 11, 29 21:50:52",-33.5906,26.891,68.07,88,89,7.54
1,Lashio,MM,"2021, 11, 29 21:52:32",22.9333,97.75,54.27,93,55,2.33
2,Dikson,RU,"2021, 11, 29 21:52:33",73.5069,80.5464,-14.39,96,100,16.24
3,New Norfolk,AU,"2021, 11, 29 21:52:33",-42.7826,147.0587,66.65,66,22,1.01
4,Erenhot,CN,"2021, 11, 29 21:52:34",43.6475,111.9767,15.4,64,0,10.11
5,Busselton,AU,"2021, 11, 29 21:48:43",-33.65,115.3333,57.04,62,30,9.73
6,East London,ZA,"2021, 11, 29 21:48:04",-33.0153,27.9116,68.2,87,46,6.42
7,Ushuaia,AR,"2021, 11, 29 21:52:34",-54.8,-68.3,44.26,61,40,21.85
8,Kodiak,US,"2021, 11, 29 21:48:08",57.79,-152.4072,36.91,93,90,24.16
9,Raton,US,"2021, 11, 29 21:52:35",36.9034,-104.4391,71.06,18,1,4.61
10,Ranong,TH,"2021, 11, 29 21:52:35",9.9658,98.6348,73.71,96,100,6.87
11,Kosonsoy,UZ,"2021, 11, 29 21:52:36",41.2561,71.5508,30.76,23,48,4.18
12,Souillac,MU,"2021, 11, 29 21:52:36",-20.5167,57.5167,74.35,83,20,4.61
13,Canutama,BR,"2021, 11, 29 21:52:37",-6.5339,-64.3831,83.41,71,88,2.33
14,Bredasdorp,ZA,"2021, 11, 29 21:52:37",-34.5322,20.0403,58.28,66,60,5.79
15,Mar Del Plata,AR,"2021, 11, 29 21:48:50",-38.0023,-57.5575,62.62,90,75,14.0
16,Chokurdakh,RU,"2021, 11, 29 21:52:38",70.6333,147.9167,-13.18,99,100,3.56
17,Andenes,NO,"2021, 11, 29 21:52:38",69.3143,16.1194,24.78,74,20,14.97
18,Mandera,KE,"2021, 11, 29 21:52:39",3.9366,41.867,82.15,59,79,10.92
19,Rikitea,PF,"2021, 11, 29 21:52:03",-23.1203,-134.9692,76.57,74,2,21.68
20,Skjold,DK,"2021, 11, 29 21:52:39",55.7971,9.9397,30.85,91,100,8.41
21,Vaini,TO,"2021, 11, 29 21:50:53",-21.2,-175.2,82.56,69,20,10.36
22,Port-Gentil,GA,"2021, 11, 29 21:52:40",-0.7193,8.7815,76.96,94,20,3.44
23,Scottsbluff,US,"2021, 11, 29 21:52:40",41.8666,-103.6672,70.23,23,1,3.0
24,Punta Arenas,CL,"2021, 11, 29 21:52:41",-53.15,-70.9167,51.91,46,40,27.63
25,Inirida,CO,"2021, 11, 29 21:48:50",3.8653,-67.9239,77.36,94,89,0.54
26,Tasiilaq,GL,"2021, 11, 29 21:52:41",65.6145,-37.6368,18.52,94,100,10.0
27,Angoche,MZ,"2021, 11, 29 21:52:42",-16.2325,39.9086,75.49,76,18,3.31
28,Upernavik,GL,"2021, 11, 29 21:52:42",72.7868,-56.1549,21.69,95,100,5.01
29,Verkhniy Uslon,RU,"2021, 11, 29 21:52:42",55.7701,48.9823,35.82,98,100,17.74
30,Barrow,US,"2021, 11, 29 21:52:43",71.2906,-156.7887,-18.38,76,40,8.05
31,Masvingo,ZW,"2021, 11, 29 21:52:43",-20.0637,30.8277,72.27,46,12,6.93
32,Canasgordas,CO,"2021, 11, 29 21:52:44",6.7499,-76.0254,67.64,97,100,3.33
33,San Andres,CO,"2021, 11, 29 21:52:44",12.5847,-81.7006,82.42,83,75,16.11
34,Praia Da Vitoria,PT,"2021, 11, 29 21:52:44",38.7333,-27.0667,56.75,94,75,5.41
35,Mataura,NZ,"2021, 11, 29 21:52:45",-46.1927,168.8643,55.47,62,97,4.41
36,Liuli,TZ,"2021, 11, 29 21:52:45",-11.0833,34.6333,79.09,67,12,2.59
37,Kavieng,PG,"2021, 11, 29 21:52:46",-2.5744,150.7967,83.73,75,100,17.85
38,San Patricio,US,"2021, 11, 29 21:52:46",28.017,-97.5169,74.05,41,49,4.79
39,Saint-Philippe,RE,"2021, 11, 29 21:52:46",-21.3585,55.7679,76.55,86,59,7.94
40,Thompson,CA,"2021, 11, 29 21:52:47",55.7435,-97.8558,23.16,86,90,5.75
41,Lasa,IT,"2021, 11, 29 21:52:47",46.6166,10.7002,29.28,94,52,7.29
42,Tieling,CN,"2021, 11, 29 21:52:48",42.2931,123.8414,27.63,87,100,10.71
43,Bluff,NZ,"2021, 11, 29 21:52:48",-46.6,168.3333,55.8,76,100,7.72
44,Severo-Kurilsk,RU,"2021, 11, 29 21:52:49",50.6789,156.125,32.38,78,93,32.26
45,Meulaboh,ID,"2021, 11, 29 21:53:49",4.1363,96.1285,73.94,93,100,1.97
46,Hermanus,ZA,"2021, 11, 29 21:53:50",-34.4187,19.2345,61.9,76,44,9.17
47,Longyearbyen,SJ,"2021, 11, 29 21:53:50",78.2186,15.6401,8.44,72,20,18.41
48,Puerto Lopez,CO,"2021, 11, 29 21:53:51",4.0845,-72.956,80.6,79,100,2.86
49,Vila Velha,BR,"2021, 11, 29 21:53:00",-20.3297,-40.2925,78.94,87,40,10.0
50,Hilo,US,"2021, 11, 29 21:52:05",19.7297,-155.09,76.28,69,75,5.75
51,Jumla,NP,"2021, 11, 29 21:53:51",29.2747,82.1838,40.78,19,37,5.5
52,Carandai,BR,"2021, 11, 29 21:53:52",-20.9536,-43.8064,82.44,76,34,4.27
53,Edd,ER,"2021, 11, 29 21:53:52",13.9297,41.6925,81.64,58,4,12.97
54,Senekal,ZA,"2021, 11, 29 21:53:53",-28.3197,27.6208,64.27,28,5,7.14
55,Avarua,CK,"2021, 11, 29 21:53:53",-21.2078,-159.775,80.65,57,20,13.8
56,Cape Town,ZA,"2021, 11, 29 21:50:34",-33.9258,18.4232,66.09,75,40,6.91
57,Khatanga,RU,"2021, 11, 29 21:53:54",71.9667,102.5,-29.67,100,97,4.59
58,Ahipara,NZ,"2021, 11, 29 21:53:54",-35.1667,173.1667,69.71,61,15,5.44
59,Zachepylivka,UA,"2021, 11, 29 21:53:54",49.1939,35.2394,50.54,83,100,20.65
60,Boksitogorsk,RU,"2021, 11, 29 21:53:55",59.474,33.8485,27.91,93,100,11.83
61,Atuona,PF,"2021, 11, 29 21:51:46",-9.8,-139.0333,78.89,76,25,22.82
62,Coka,RS,"2021, 11, 29 21:53:55",45.9425,20.1433,35.1,76,79,11.97
63,Albany,US,"2021, 11, 29 21:53:22",42.6001,-73.9662,32.52,69,68,3.0
64,Norman Wells,CA,"2021, 11, 29 21:53:56",65.282,-126.8329,-25.56,68,1,3.44
65,Jaswantnagar,IN,"2021, 11, 29 21:53:56",26.8786,78.9028,61.79,34,100,5.32
66,Atkinson,US,"2021, 11, 29 21:53:57",42.8384,-71.147,36.72,56,1,1.99
67,Torbay,CA,"2021, 11, 29 21:53:57",47.6666,-52.7314,44.58,88,75,8.05
68,Alice Springs,AU,"2021, 11, 29 21:53:58",-23.7,133.8833,67.55,56,0,0.0
69,Coos Bay,US,"2021, 11, 29 21:53:58",43.3665,-124.2179,62.24,90,1,4.61
70,Asau,RO,"2021, 11, 29 21:53:58",46.4333,26.4,36.75,84,25,5.41
71,Mogadishu,SO,"2021, 11, 29 21:53:10",2.0371,45.3438,80.78,81,18,15.61
72,Consolacion Del Sur,CU,"2021, 11, 29 21:53:59",22.5047,-83.5136,74.59,73,98,3.65
73,Piacabucu,BR,"2021, 11, 29 21:53:59",-10.4056,-36.4344,79.83,83,87,12.8
74,Nikolskoye,RU,"2021, 11, 29 21:54:00",59.7035,30.7861,24.4,95,100,10.96
75,Saint George,US,"2021, 11, 29 21:54:00",37.1041,-113.5841,77.47,21,1,3.0
76,Olafsvik,IS,"2021, 11, 29 21:54:01",64.8945,-23.7142,31.03,94,100,12.26
77,Codrington,AU,"2021, 11, 29 21:54:01",-38.2667,141.9667,69.84,43,0,7.96
78,Lagoa,PT,"2021, 11, 29 21:54:02",39.05,-27.9833,60.75,58,79,4.16
79,Saskylakh,RU,"2021, 11, 29 21:54:02",71.9167,114.0833,-24.59,100,94,4.38
80,Castro,BR,"2021, 11, 29 21:54:03",-24.7911,-50.0119,68.45,87,25,4.79
81,Pisco,PE,"2021, 11, 29 21:52:07",-13.7,-76.2167,71.65,68,0,23.02
82,Kapaa,US,"2021, 11, 29 21:54:03",22.0752,-159.319,84.18,68,9,5.01
83,Gustavo Diaz Ordaz,MX,"2021, 11, 29 21:54:04",26.2333,-98.5833,75.88,44,18,6.29
84,Hauterive,FR,"2021, 11, 29 21:54:04",46.0901,3.4459,35.38,91,100,1.34
85,Shiyan,CN,"2021, 11, 29 21:54:04",32.6475,110.7781,37.76,82,0,5.75
86,Ulcinj,ME,"2021, 11, 29 21:54:05",41.9294,19.2244,46.62,73,95,9.6
87,Arys,KZ,"2021, 11, 29 21:54:05",42.4252,68.795,37.62,26,100,3.51
88,Caravelas,BR,"2021, 11, 29 21:54:05",-17.7125,-39.2481,78.78,81,2,15.08
89,Petropavlovsk-Kamchatskiy,RU,"2021, 11, 29 21:55:06",53.0452,158.6483,19.99,93,90,13.42
90,Houma,US,"2021, 11, 29 21:50:22",29.5958,-90.7195,66.99,50,0,3.0
91,Victoria,HK,"2021, 11, 29 21:55:07",22.2855,114.1577,71.33,71,1,1.01
92,Te Anau,NZ,"2021, 11, 29 21:55:07",-45.4167,167.7167,60.19,54,78,1.9
93,Ullapool,GB,"2021, 11, 29 21:55:07",57.8987,-5.1604,45.75,90,100,10.11
94,Thinadhoo,MV,"2021, 11, 29 21:55:08",0.5333,72.9333,81.01,79,36,14.61
95,Puerto Ayora,EC,"2021, 11, 29 21:55:08",-0.7393,-90.3518,78.76,89,75,8.01
96,Amberieu-En-Bugey,FR,"2021, 11, 29 21:55:09",45.9589,5.3432,36.46,95,46,3.36
97,Ilulissat,GL,"2021, 11, 29 21:55:09",69.2167,-51.1,32.25,95,100,6.82
98,Posadas,AR,"2021, 11, 29 21:55:09",-27.3671,-55.8961,78.78,41,40,13.8
99,Shingu,JP,"2021, 11, 29 21:55:10",33.7333,135.9833,53.1,82,88,4.38
100,Takoradi,GH,"2021, 11, 29 21:55:10",4.8845,-1.7554,79.68,83,87,8.75
101,Mantua,IT,"2021, 11, 29 21:55:11",45.1667,10.7833,44.73,67,69,5.99
102,Fortuna,US,"2021, 11, 29 21:53:26",40.5982,-124.1573,56.86,100,90,8.05
103,Faanui,PF,"2021, 11, 29 21:54:33",-16.4833,-151.75,81.34,76,100,14.27
104,Soure,BR,"2021, 11, 29 21:55:11",-0.7167,-48.5233,80.01,83,100,10.51
105,Hami,CN,"2021, 11, 29 21:55:12",42.8,93.45,22.98,59,4,1.28
106,Mahebourg,MU,"2021, 11, 29 21:55:12",-20.4081,57.7,74.25,83,20,4.61
107,Namibe,AO,"2021, 11, 29 21:55:13",-15.1961,12.1522,73.29,62,11,4.14
108,Shelburne,CA,"2021, 11, 29 21:55:13",44.0787,-80.2041,30.76,93,75,6.44
109,Port Hedland,AU,"2021, 11, 29 21:54:29",-20.3167,118.5667,71.65,94,1,6.91
110,Cidreira,BR,"2021, 11, 29 21:55:14",-30.1811,-50.2056,74.75,61,26,11.34
111,Ponta Do Sol,PT,"2021, 11, 29 21:55:14",32.6667,-17.1,63.72,68,25,4.56
112,Port Elizabeth,ZA,"2021, 11, 29 21:55:14",-33.918,25.5701,61.11,100,75,11.5
113,Ugoofaaru,MV,"2021, 11, 29 21:55:15",5.6667,73.0,78.06,87,100,11.7
114,Waipawa,NZ,"2021, 11, 29 21:55:15",-41.4122,175.5153,61.45,86,100,2.75
115,Ixtapa,MX,"2021, 11, 29 21:52:30",20.7,-105.2,83.23,71,1,5.01
116,Nelson Bay,AU,"2021, 11, 29 21:55:16",-32.7167,152.15,72.95,84,100,1.01
117,Georgetown,MY,"2021, 11, 29 21:52:47",5.4112,100.3354,75.15,96,40,1.99
118,Lexington,US,"2021, 11, 29 21:53:30",37.9887,-84.4777,42.94,30,1,1.99
119,Valentin Gomez Farias,MX,"2021, 11, 29 21:55:17",28.2167,-106.5833,60.67,50,87,4.18
120,Biltine,TD,"2021, 11, 29 21:55:17",14.5333,20.9167,78.89,21,25,10.49
121,Ribeira Grande,PT,"2021, 11, 29 21:55:18",38.5167,-28.7,59.4,67,20,6.91
122,Vila Franca Do Campo,PT,"2021, 11, 29 21:55:18",37.7167,-25.4333,60.19,75,62,5.32
123,Lerici,IT,"2021, 11, 29 21:55:19",44.0759,9.9112,45.01,50,6,8.12
124,Cabo San Lucas,MX,"2021, 11, 29 21:52:34",22.8909,-109.9124,85.3,63,100,5.01
125,Port Blair,IN,"2021, 11, 29 21:55:19",11.6667,92.75,75.24,88,40,2.3
126,Esperance,AU,"2021, 11, 29 21:54:08",-33.8667,121.9,58.84,68,100,12.15
127,Myitkyina,MM,"2021, 11, 29 21:55:20",25.3833,97.4,55.76,70,34,2.86
128,Marihatag,PH,"2021, 11, 29 21:55:20",8.7936,126.2969,77.16,86,96,4.36
129,Sioux Lookout,CA,"2021, 11, 29 21:55:21",50.1001,-91.917,25.18,86,90,5.75
130,Ailigandi,PA,"2021, 11, 29 21:55:21",9.2333,-78.0167,81.81,82,100,6.96
131,Carnarvon,AU,"2021, 11, 29 21:55:21",-24.8667,113.6333,68.07,83,0,18.41
132,Pyshma,RU,"2021, 11, 29 21:56:22",56.9523,63.2513,31.19,94,100,5.39
133,Broome,US,"2021, 11, 29 21:56:22",42.2506,-75.833,29.17,80,47,1.99
134,Noumea,NC,"2021, 11, 29 21:56:23",-22.2763,166.4572,82.38,99,25,10.42
135,Tura,IN,"2021, 11, 29 21:56:23",25.5198,90.2201,58.91,77,48,4.29
136,Salalah,OM,"2021, 11, 29 21:56:23",17.0151,54.0924,73.54,38,0,12.91
137,Kipushi,CD,"2021, 11, 29 21:56:24",-11.7667,27.2333,67.46,70,88,3.74
138,Borba,BR,"2021, 11, 29 21:56:24",-4.3878,-59.5939,81.48,77,100,2.75
139,Srandakan,ID,"2021, 11, 29 21:56:25",-7.9386,110.2506,74.86,85,84,2.71
140,Tuktoyaktuk,CA,"2021, 11, 29 21:56:25",69.4541,-133.0374,-14.8,70,75,19.57
141,Yakeshi,CN,"2021, 11, 29 21:56:25",49.2833,120.7333,-2.27,100,100,4.21
142,Port Hueneme,US,"2021, 11, 29 21:56:26",34.1478,-119.1951,90.88,50,0,5.19
143,Iqaluit,CA,"2021, 11, 29 21:56:26",63.7506,-68.5145,13.73,78,90,17.0
144,Hithadhoo,MV,"2021, 11, 29 21:56:26",-0.6,73.0833,81.14,79,68,13.82
145,Lakshettipet,IN,"2021, 11, 29 21:56:27",18.8667,79.2167,68.77,51,76,3.09
146,Lucapa,AO,"2021, 11, 29 21:56:27",-8.4192,20.7447,65.16,97,98,1.88
147,Acajutla,SV,"2021, 11, 29 21:56:28",13.5928,-89.8275,86.45,51,1,4.16
148,Komsomolskiy,UZ,"2021, 11, 29 21:56:28",40.4272,71.7189,35.02,75,38,4.61
149,Natchitoches,US,"2021, 11, 29 21:56:29",31.7668,-93.1335,68.85,42,1,4.61
150,Mehamn,NO,"2021, 11, 29 21:56:29",71.0357,27.8492,17.51,73,80,25.32
151,Lusambo,CD,"2021, 11, 29 21:56:30",-4.9667,23.45,69.48,99,90,1.79
152,Katherine,AU,"2021, 11, 29 21:56:30",-14.4667,132.2667,79.12,57,45,0.0
153,Narsaq,GL,"2021, 11, 29 21:56:30",60.9167,-46.05,33.48,99,100,9.66
154,Los Llanos De Aridane,ES,"2021, 11, 29 21:51:39",28.6585,-17.9182,62.35,85,75,17.27
155,Arman,RU,"2021, 11, 29 21:56:31",59.7,150.1667,-3.86,90,100,9.31
156,Wilmington,US,"2021, 11, 29 21:55:18",34.2257,-77.9447,49.91,42,5,1.01
157,Qaanaaq,GL,"2021, 11, 29 21:56:31",77.484,-69.3632,8.83,62,100,5.97
158,Damaturu,NG,"2021, 11, 29 21:56:32",11.747,11.9608,73.54,17,2,8.97
159,Mulchen,CL,"2021, 11, 29 21:56:32",-37.7167,-72.2333,76.86,29,93,8.1
160,Villa Carlos Paz,AR,"2021, 11, 29 21:56:33",-31.4241,-64.4978,79.88,19,0,5.01
161,Careiro Da Varzea,BR,"2021, 11, 29 21:56:33",-3.2003,-59.8119,84.81,75,100,2.35
162,San Rafael,AR,"2021, 11, 29 21:56:33",-34.6177,-68.3301,84.69,17,1,11.12
163,Roebourne,AU,"2021, 11, 29 21:56:34",-20.7833,117.1333,80.8,61,3,7.74
164,Bundaberg,AU,"2021, 11, 29 21:56:34",-24.85,152.35,73.69,100,75,5.75
165,Arlit,NE,"2021, 11, 29 21:56:35",18.7369,7.3853,77.61,13,39,11.41
166,Grand-Santi,GF,"2021, 11, 29 21:56:35",4.25,-54.3833,76.39,89,100,3.78
167,Angol,CL,"2021, 11, 29 21:56:35",-37.8,-72.7167,77.52,36,75,8.77
168,Ancud,CL,"2021, 11, 29 21:52:02",-41.8697,-73.8203,65.43,66,32,2.84
169,Vredendal,ZA,"2021, 11, 29 21:56:36",-31.6683,18.5012,62.8,82,1,10.74
170,Hobart,AU,"2021, 11, 29 21:56:36",-42.8794,147.3294,62.26,71,20,1.99
171,Novaya Zaimka,RU,"2021, 11, 29 21:56:37",56.4857,66.9241,25.16,88,100,7.45
172,Mattru,SL,"2021, 11, 29 21:56:37",7.6244,-11.8332,76.57,92,99,2.86
173,Havoysund,NO,"2021, 11, 29 21:56:37",70.9963,24.6622,14.88,80,32,12.3
174,Tanza,PH,"2021, 11, 29 21:56:38",14.6753,120.9389,80.65,84,99,2.84
175,Akyab,MM,"2021, 11, 29 21:53:50",20.15,92.9,70.65,73,77,6.78
176,Dovolnoye,RU,"2021, 11, 29 21:56:39",54.4958,79.6671,14.76,86,100,8.86
177,Butaritari,KI,"2021, 11, 29 21:56:39",3.0707,172.7902,81.37,80,55,11.01
178,Kruisfontein,ZA,"2021, 11, 29 21:57:39",-34.0033,24.7314,58.89,86,1,5.73
179,Fiditi,NG,"2021, 11, 29 21:57:40",7.7136,3.9172,76.41,79,100,4.47
180,Tuscaloosa,US,"2021, 11, 29 21:54:08",33.2098,-87.5692,56.93,38,0,3.69
181,Hamilton,US,"2021, 11, 29 21:57:41",39.1834,-84.5333,43.43,38,51,1.01
182,Bilma,NE,"2021, 11, 29 21:57:41",18.6853,12.9164,74.5,19,79,14.74
183,Lompoc,US,"2021, 11, 29 21:57:41",34.6391,-120.4579,87.69,47,1,5.01
184,Ciresu,RO,"2021, 11, 29 21:57:42",44.95,27.35,43.34,69,99,8.68
185,Villa Constitucion,AR,"2021, 11, 29 21:57:42",-33.2278,-60.3297,85.1,36,1,5.46
186,Yellowknife,CA,"2021, 11, 29 21:57:43",62.456,-114.3525,-12.59,82,20,1.99
187,Thongwa,MM,"2021, 11, 29 21:57:43",16.7619,96.5278,77.16,83,86,7.14
188,Kenai,US,"2021, 11, 29 21:53:21",60.5544,-151.2583,16.14,83,90,19.57
189,Ocala,US,"2021, 11, 29 21:57:38",29.1872,-82.1401,67.01,46,1,6.91
190,Santa Cruz,BO,"2021, 11, 29 21:54:57",-17.8,-63.1667,78.85,61,75,6.91
191,Arraial Do Cabo,BR,"2021, 11, 29 21:53:12",-22.9661,-42.0278,80.56,73,0,12.66
192,Vao,NC,"2021, 11, 29 21:57:44",-22.6667,167.4833,76.35,89,68,13.76
193,Emerald,AU,"2021, 11, 29 21:54:18",-23.5333,148.1667,76.98,82,90,0.0
194,Fontem,CM,"2021, 11, 29 21:57:45",5.4685,9.8818,68.72,79,76,1.66
195,Ambilobe,MG,"2021, 11, 29 21:57:45",-13.2,49.05,74.35,84,28,5.86
196,Jamestown,US,"2021, 11, 29 21:54:02",42.097,-79.2353,32.34,92,90,1.99
197,Lisakovsk,KZ,"2021, 11, 29 21:57:46",52.5369,62.4936,12.43,85,6,6.35
198,General Roca,AR,"2021, 11, 29 21:56:55",-39.0333,-67.5833,88.2,12,73,2.75
199,Glyadyanskoye,RU,"2021, 11, 29 21:57:47",54.9075,65.0883,15.44,90,29,6.51
200,Necochea,AR,"2021, 11, 29 21:57:47",-38.5473,-58.7368,61.68,73,11,14.76
201,Celestun,MX,"2021, 11, 29 21:57:47",20.8667,-90.4,78.89,73,85,14.81
202,Vanimo,PG,"2021, 11, 29 21:57:48",-2.6741,141.3028,79.2,89,100,3.47
203,Ronneby,SE,"2021, 11, 29 21:54:34",56.21,15.276,21.7,93,76,4.61
204,Concarneau,FR,"2021, 11, 29 21:57:48",47.875,-3.9225,47.17,65,97,3.85
205,Provideniya,RU,"2021, 11, 29 21:57:49",64.3833,-173.3,-1.64,60,0,6.71
206,Shimoda,JP,"2021, 11, 29 21:57:49",34.6667,138.95,46.11,72,14,7.23
207,Jishu,CN,"2021, 11, 29 21:57:49",44.3167,126.8,21.54,92,100,5.44
208,Tarauaca,BR,"2021, 11, 29 21:57:50",-8.1614,-70.7656,86.54,62,67,2.64
209,Douentza,ML,"2021, 11, 29 21:57:50",14.9951,-2.9517,78.76,14,6,4.38
210,Biograd Na Moru,HR,"2021, 11, 29 21:57:51",43.9433,15.4519,43.75,58,100,19.35
211,Pemba,MZ,"2021, 11, 29 21:57:51",-12.974,40.5178,79.5,83,20,5.99
212,Kahului,US,"2021, 11, 29 21:57:51",20.8947,-156.47,79.97,75,31,11.99
213,College,US,"2021, 11, 29 21:57:52",64.8569,-147.8028,-7.78,72,75,0.0
214,Tyube,RU,"2021, 11, 29 21:57:52",43.0493,47.3074,48.06,72,46,13.09
215,Seoul,KR,"2021, 11, 29 21:53:23",37.5683,126.9778,45.97,90,90,5.75
216,Lakes Entrance,AU,"2021, 11, 29 21:57:53",-37.8811,147.981,67.15,65,0,4.16
217,Hengshui,CN,"2021, 11, 29 21:57:53",37.7322,115.7011,37.94,40,75,18.28
218,Sitka,US,"2021, 11, 29 21:54:27",57.0531,-135.33,35.69,86,100,8.21
219,Itoman,JP,"2021, 11, 29 21:57:54",26.1247,127.6694,71.62,78,75,10.36
220,Terra Santa,BR,"2021, 11, 29 21:57:54",-2.1042,-56.4869,83.23,66,61,1.95
221,Devaprayag,IN,"2021, 11, 29 21:57:55",30.15,78.6167,53.78,39,17,5.23
222,Bialystok,PL,"2021, 11, 29 21:57:55",53.1333,23.15,33.21,90,100,15.82
223,La Rioja,ES,"2021, 11, 29 21:55:41",42.25,-2.5,43.05,98,100,3.74
224,Kaitangata,NZ,"2021, 11, 29 21:54:35",-46.2817,169.8464,62.92,52,100,4.16
225,Bayonet Point,US,"2021, 11, 29 21:58:56",28.3267,-82.6834,68.23,68,0,1.99
226,Yulara,AU,"2021, 11, 29 21:56:58",-25.2406,130.9889,66.04,45,0,4.61
227,Husavik,IS,"2021, 11, 29 21:58:56",66.0449,-17.3389,22.91,86,100,10.78
228,Inhambane,MZ,"2021, 11, 29 21:58:57",-23.865,35.3833,72.79,77,0,10.83
229,San Francisco,US,"2021, 11, 29 21:56:24",37.7749,-122.4194,74.64,58,0,3.0
230,Paamiut,GL,"2021, 11, 29 21:58:57",61.994,-49.6678,32.52,97,100,31.03
231,Kuandian,CN,"2021, 11, 29 21:58:58",40.7286,124.7847,30.96,98,100,5.37
232,Georgiyevka,KZ,"2021, 11, 29 21:58:58",43.0369,74.7114,33.84,64,0,11.18
233,Grindavik,IS,"2021, 11, 29 21:58:59",63.8424,-22.4338,36.07,87,90,10.36
234,La Ronge,CA,"2021, 11, 29 21:57:04",55.1001,-105.2842,28.65,64,40,9.22
235,Vila,PT,"2021, 11, 29 21:58:59",42.0304,-8.1588,39.7,91,100,1.95
236,Araouane,ML,"2021, 11, 29 21:59:00",18.9048,-3.5265,71.82,26,1,12.26
237,Ormara,PK,"2021, 11, 29 21:59:00",25.2088,64.6357,76.75,42,0,6.2
238,Kinkala,CG,"2021, 11, 29 21:59:00",-4.3614,14.7644,71.13,92,71,2.57
239,Clyde River,CA,"2021, 11, 29 21:59:01",70.4692,-68.5914,-0.17,78,75,5.75
240,Djambala,CG,"2021, 11, 29 21:59:01",-2.5447,14.7533,68.02,91,97,1.34
241,Pevek,RU,"2021, 11, 29 21:59:01",69.7008,170.3133,-0.22,97,100,2.19
242,Luderitz,NA,"2021, 11, 29 21:55:37",-26.6481,15.1594,61.0,88,0,11.92
243,Chuy,UY,"2021, 11, 29 21:59:02",-33.6971,-53.4616,65.39,93,100,18.07
244,Nanakuli,US,"2021, 11, 29 21:59:02",21.3906,-158.1547,78.12,83,90,10.36
245,Ambon,ID,"2021, 11, 29 21:58:04",-3.6954,128.1814,77.14,94,40,8.05
246,Suhbaatar,MN,"2021, 11, 29 21:59:03",50.2314,106.2078,1.42,97,71,2.82
247,Touros,BR,"2021, 11, 29 21:59:03",-5.1989,-35.4608,83.3,76,14,12.33
248,Buin,CL,"2021, 11, 29 21:59:04",-33.7333,-70.75,84.52,19,0,11.12
249,Dawei,MM,"2021, 11, 29 21:59:04",14.0833,98.2,73.54,78,99,6.24
250,Mazyr,BY,"2021, 11, 29 21:59:04",52.0495,29.2456,36.0,93,100,18.54
251,Quesnel,CA,"2021, 11, 29 21:59:05",52.9999,-122.5029,34.3,93,1,0.0
252,Elbistan,TR,"2021, 11, 29 21:59:05",38.2059,37.1983,49.41,78,100,3.22
253,Aripuana,BR,"2021, 11, 29 21:59:06",-9.1667,-60.6333,79.61,77,56,1.48
254,Tonami,JP,"2021, 11, 29 21:59:06",37.0013,137.7272,43.81,51,90,6.69
255,Mahibadhoo,MV,"2021, 11, 29 21:59:06",3.7833,72.9667,81.81,77,100,15.46
256,Jijiga,ET,"2021, 11, 29 21:59:07",9.35,42.8,56.79,41,8,8.12
257,Sibi,PK,"2021, 11, 29 21:59:07",29.5448,67.8764,63.79,24,25,2.68
258,Berlevag,NO,"2021, 11, 29 21:59:08",70.8578,29.0864,17.55,73,95,42.57
259,Nome,US,"2021, 11, 29 21:59:08",64.5011,-165.4064,-13.05,81,71,6.87
260,Chihuahua,MX,"2021, 11, 29 21:59:08",28.5,-106.0,63.66,41,83,5.73
261,Tiquicheo,MX,"2021, 11, 29 21:59:09",18.8833,-100.7333,91.11,33,5,5.35
262,Sept-Iles,CA,"2021, 11, 29 21:59:09",50.2001,-66.3821,28.92,78,75,1.01
263,San Cristobal,VE,"2021, 11, 29 21:59:10",7.7669,-72.225,77.18,76,99,3.83
264,Moose Factory,CA,"2021, 11, 29 21:59:10",51.2585,-80.6094,15.8,79,90,8.05
265,Bethel,US,"2021, 11, 29 21:59:11",41.3712,-73.414,38.48,72,58,1.99
266,Baghdad,IQ,"2021, 11, 29 21:57:55",33.3406,44.4009,57.11,58,0,4.61
267,Camana,PE,"2021, 11, 29 21:59:11",-16.6228,-72.7111,69.33,72,47,7.9
268,Thunder Bay,CA,"2021, 11, 29 21:57:49",48.4001,-89.3168,32.56,82,90,5.75
269,La Crosse,US,"2021, 11, 29 21:58:18",43.8014,-91.2396,51.71,53,78,3.29
270,Paramonga,PE,"2021, 11, 29 22:00:12",-10.6667,-77.8333,68.41,80,32,10.11
271,Hualmay,PE,"2021, 11, 29 22:00:13",-11.0964,-77.6139,69.04,76,43,10.89
272,Yerbogachen,RU,"2021, 11, 29 21:59:46",61.2767,108.0108,-5.24,98,98,6.15
273,Evensk,RU,"2021, 11, 29 22:00:13",61.95,159.2333,9.52,96,100,5.61
274,Santa Fe,AR,"2021, 11, 29 21:59:54",-31.6333,-60.7,85.01,30,0,5.01
275,Monrovia,LR,"2021, 11, 29 22:00:14",6.3005,-10.7969,80.06,81,100,6.82
276,Hervey Bay,AU,"2021, 11, 29 22:00:15",-25.2986,152.8535,76.19,83,97,11.01
277,Nalut,LY,"2021, 11, 29 22:00:15",30.3333,10.85,48.31,27,16,9.1
278,Iringa,TZ,"2021, 11, 29 22:00:16",-7.7667,35.7,60.35,91,42,4.85
279,Wapi Pathum,TH,"2021, 11, 29 22:00:16",15.8452,103.3768,72.32,53,82,13.65
280,Albacete,ES,"2021, 11, 29 22:00:17",38.8333,-2.0,43.61,87,0,12.66
281,West Richland,US,"2021, 11, 29 22:00:17",46.3043,-119.3614,64.74,65,1,11.01
282,Colac,AU,"2021, 11, 29 22:00:18",-38.3333,143.5833,74.08,54,3,5.59
283,Taoudenni,ML,"2021, 11, 29 22:00:18",22.6783,-3.9836,65.55,12,67,16.44
284,Tuatapere,NZ,"2021, 11, 29 22:00:18",-46.1333,167.6833,56.82,63,100,4.61
285,Pajapan,MX,"2021, 11, 29 22:00:19",18.25,-94.7,66.36,85,92,11.83
286,Seesen,DE,"2021, 11, 29 22:00:19",51.9,10.1833,36.28,87,100,1.99
287,Eenhana,NA,"2021, 11, 29 22:00:20",-17.4667,16.3333,71.71,60,9,8.3
288,Airai,TL,"2021, 11, 29 22:00:20",-8.9266,125.4092,61.95,79,100,1.5
289,Nanortalik,GL,"2021, 11, 29 22:00:21",60.1432,-45.2371,33.58,99,100,17.29
290,Kavaratti,IN,"2021, 11, 29 22:00:21",10.5669,72.642,80.89,79,91,12.39
291,Asyut,EG,"2021, 11, 29 22:00:21",27.181,31.1837,74.19,16,13,3.2
292,Cayenne,GF,"2021, 11, 29 22:00:22",4.9333,-52.3333,82.09,82,0,1.99
293,Ondjiva,AO,"2021, 11, 29 22:00:22",-17.0667,15.7333,73.04,56,16,10.25
294,Rawson,AR,"2021, 11, 29 22:00:23",-43.3002,-65.1023,62.02,52,1,13.38
295,Brae,GB,"2021, 11, 29 21:59:23",60.3964,-1.353,40.37,65,73,24.79
296,Bengkulu,ID,"2021, 11, 29 22:00:23",-3.8004,102.2655,74.91,86,98,9.6
297,Sao Joao Da Barra,BR,"2021, 11, 29 22:00:24",-21.6403,-41.0511,75.38,91,2,13.42
298,Lebu,CL,"2021, 11, 29 22:00:24",-37.6167,-73.65,56.53,79,81,18.81
299,Lyuban,BY,"2021, 11, 29 22:00:24",52.7985,28.0048,35.47,96,100,18.14
300,Wuwei,CN,"2021, 11, 29 22:00:25",37.9281,102.6414,23.83,31,0,4.59
301,Hvide Sande,DK,"2021, 11, 29 22:00:25",56.0045,8.1294,39.0,78,100,19.48
302,Nakatsu,JP,"2021, 11, 29 22:00:26",33.5981,131.1883,49.89,75,50,7.65
303,Beyneu,KZ,"2021, 11, 29 22:00:27",45.3167,55.2,38.21,63,1,12.41
304,Puerto Baquerizo Moreno,EC,"2021, 11, 29 22:00:27",-0.9,-89.6,69.91,84,51,11.1
305,Dunedin,NZ,"2021, 11, 29 22:00:27",-45.8742,170.5036,62.74,60,79,7.72
306,Naze,JP,"2021, 11, 29 22:00:28",28.3667,129.4833,68.92,74,88,13.09
307,Saint-Augustin,CA,"2021, 11, 29 22:00:28",51.226,-58.6502,33.62,75,100,4.72
308,Bud,US,"2021, 11, 29 22:00:29",39.447,-86.1758,43.92,38,83,9.15
309,Ngaoundere,CM,"2021, 11, 29 22:00:29",7.3167,13.5833,69.98,27,86,3.4
310,Sobolevo,RU,"2021, 11, 29 22:00:29",54.4299,31.8996,40.39,99,100,2.37
311,Portland,US,"2021, 11, 29 21:56:45",45.5234,-122.6762,60.73,92,90,4.61
312,Helong,CN,"2021, 11, 29 22:00:30",42.5397,128.9972,29.48,97,100,3.69
313,Pingliang,CN,"2021, 11, 29 22:00:30",35.5392,106.6861,28.89,32,0,1.81
314,Zhigalovo,RU,"2021, 11, 29 22:00:31",54.8097,105.1578,17.37,97,100,3.53
315,Aguai,BR,"2021, 11, 29 21:58:19",-22.0594,-46.9786,83.5,85,98,3.09
316,Constitucion,CL,"2021, 11, 29 22:00:31",-35.3333,-72.4167,60.8,70,5,19.01
317,Champerico,GT,"2021, 11, 29 22:01:32",14.3,-91.9167,88.75,65,0,7.76
318,Farafangana,MG,"2021, 11, 29 22:01:32",-22.8167,47.8333,72.23,89,100,5.84
319,Kem,RU,"2021, 11, 29 22:01:33",64.9555,34.5793,22.23,71,100,13.65
320,Port Lincoln,AU,"2021, 11, 29 22:01:33",-34.7333,135.8667,72.0,46,78,9.26
321,Port Hardy,CA,"2021, 11, 29 22:00:25",50.6996,-127.4199,50.31,87,100,10.4
322,Velyka Pysarivka,UA,"2021, 11, 29 22:01:33",50.4259,35.485,48.51,90,100,21.36
323,Matara,LK,"2021, 11, 29 22:01:34",5.9485,80.5353,75.67,91,86,4.0
324,Pamekasan,ID,"2021, 11, 29 22:01:34",-7.1568,113.4746,77.14,85,100,2.33
325,Mount Isa,AU,"2021, 11, 29 22:00:38",-20.7333,139.5,82.17,24,16,4.61
326,Klaksvik,FO,"2021, 11, 29 22:01:35",62.2266,-6.589,36.52,58,100,18.45
327,Fonte Boa,BR,"2021, 11, 29 22:01:35",-2.4959,-66.2662,81.59,76,100,2.71
328,Ylivieska,FI,"2021, 11, 29 22:01:36",64.0833,24.55,13.5,83,91,7.02
329,Millinocket,US,"2021, 11, 29 22:01:36",45.6573,-68.7098,28.42,70,21,5.97
330,Chapais,CA,"2021, 11, 29 22:01:36",49.7834,-74.8492,17.38,97,100,2.46
331,Akividu,IN,"2021, 11, 29 22:01:37",16.6,81.3833,70.74,85,74,4.85
332,Cherskiy,RU,"2021, 11, 29 21:59:20",68.75,161.3,-15.45,98,100,5.75
333,Flagstaff,US,"2021, 11, 29 22:01:37",35.1981,-111.6513,65.52,24,1,1.99
334,Csorna,HU,"2021, 11, 29 22:01:38",47.6115,17.2501,36.07,72,34,20.36
335,Abha,SA,"2021, 11, 29 22:01:38",18.2164,42.5053,52.09,49,0,8.12
336,Punta De Piedra,VE,"2021, 11, 29 22:01:39",7.6176,-71.4916,76.71,92,100,1.9
337,Khani,GE,"2021, 11, 29 22:01:39",41.9563,42.9566,54.97,56,54,9.35
338,Kota Belud,MY,"2021, 11, 29 22:01:39",6.351,116.4305,75.06,81,86,4.81
339,Sarkand,KZ,"2021, 11, 29 22:01:40",45.41,79.9186,27.1,55,0,8.34
340,Glace Bay,CA,"2021, 11, 29 22:01:40",46.1969,-59.957,48.78,96,90,13.0
341,Sosva,RU,"2021, 11, 29 22:01:41",59.1766,61.8558,30.65,94,100,7.2
342,Kutum,SD,"2021, 11, 29 22:01:41",14.2,24.6667,70.05,36,78,8.99
343,Jaciara,BR,"2021, 11, 29 22:01:41",-15.9653,-54.9683,76.57,86,99,4.07
344,Muros,ES,"2021, 11, 29 22:01:42",42.7762,-9.0603,51.98,94,100,5.32
345,Alofi,NU,"2021, 11, 29 22:01:42",-19.0595,-169.9187,76.41,70,68,11.9
346,Tocopilla,CL,"2021, 11, 29 22:01:43",-22.092,-70.1979,65.89,66,20,4.99
347,Evans,US,"2021, 11, 29 22:01:43",33.5337,-82.1307,55.85,39,1,4.52
348,Jiuquan,CN,"2021, 11, 29 22:01:44",39.7432,98.5174,20.37,41,0,1.07
349,Chibuto,MZ,"2021, 11, 29 22:01:44",-24.6867,33.5306,72.39,66,40,9.19
350,San Pancrazio Salentino,IT,"2021, 11, 29 22:01:45",40.4191,17.8305,48.61,73,91,13.22
351,Guerrero Negro,MX,"2021, 11, 29 22:01:40",27.9769,-114.0611,77.63,32,0,10.63
352,Saint-Leu,RE,"2021, 11, 29 22:01:45",-21.15,55.2833,76.03,96,19,7.09
353,Vilhena,BR,"2021, 11, 29 22:01:46",-12.7406,-60.1458,77.16,74,93,2.68
354,Bhopal,IN,"2021, 11, 29 22:01:29",23.2667,77.4,59.59,46,57,4.43
355,Oxford,GB,"2021, 11, 29 22:00:25",51.7522,-1.256,41.77,94,75,1.01
356,Manjeshwar,IN,"2021, 11, 29 22:01:47",12.7194,74.8861,75.96,89,91,4.72
357,Kupang,ID,"2021, 11, 29 22:01:08",-10.1667,123.5833,77.58,100,75,2.3
358,Pailon,BO,"2021, 11, 29 22:01:47",-17.65,-62.75,72.21,73,100,4.25
359,Katsuura,JP,"2021, 11, 29 22:01:48",35.1333,140.3,42.91,75,56,12.17
360,Linjiang,CN,"2021, 11, 29 22:01:48",41.8069,126.9078,30.69,97,100,4.52
361,Grand-Lahou,CI,"2021, 11, 29 22:01:48",5.1367,-5.0242,79.11,82,10,7.23
362,Mercedes,AR,"2021, 11, 29 22:01:49",-34.6515,-59.4307,78.19,50,2,11.45
363,Durban,ZA,"2021, 11, 29 21:58:55",-29.8579,31.0292,74.01,87,20,1.99
364,Tiksi,RU,"2021, 11, 29 22:02:49",71.6872,128.8694,-22.58,100,95,5.97
365,Iskateley,RU,"2021, 11, 29 22:02:50",67.6803,53.1512,6.64,97,94,6.33
366,Kharp,RU,"2021, 11, 29 22:02:50",66.8014,65.8081,0.52,95,100,3.44
367,Cabra,ES,"2021, 11, 29 22:02:50",37.4725,-4.4421,51.39,80,81,3.31
368,Sumbe,AO,"2021, 11, 29 22:02:51",-11.2061,13.8437,77.79,86,99,7.56
369,Luwuk,ID,"2021, 11, 29 22:02:51",-0.9516,122.7875,77.07,87,97,1.7
370,Sawakin,SD,"2021, 11, 29 22:02:52",19.1059,37.3321,80.08,78,4,5.64
371,Gari,RU,"2021, 11, 29 22:02:52",59.4307,62.3497,28.29,96,100,6.38
372,Adrar,MR,"2021, 11, 29 22:02:52",20.5022,-10.0711,63.91,24,67,10.4
373,Pochutla,MX,"2021, 11, 29 22:02:53",15.7432,-96.4661,85.82,57,5,7.83
374,Lufilufi,WS,"2021, 11, 29 22:02:53",-13.8745,-171.5986,86.79,76,18,13.11
375,Kyrnasivka,UA,"2021, 11, 29 22:02:54",48.5955,28.979,35.1,68,72,17.16
376,Mahon,ES,"2021, 11, 29 22:02:54",39.8885,4.2658,48.76,76,40,2.3
377,Bambous Virieux,MU,"2021, 11, 29 22:02:55",-20.3428,57.7575,74.21,70,0,5.86
378,Mount Gambier,AU,"2021, 11, 29 22:02:55",-37.8333,140.7667,68.38,41,34,6.11
379,Ostrovnoy,RU,"2021, 11, 29 22:02:55",68.0531,39.5131,6.58,77,79,5.3
380,Kyrylivka,UA,"2021, 11, 29 22:02:56",46.3759,35.3675,51.13,83,100,20.87
381,Manokwari,ID,"2021, 11, 29 22:02:56",-0.8667,134.0833,78.51,87,100,5.77
382,Codajas,BR,"2021, 11, 29 22:02:57",-3.8367,-62.0569,82.69,73,80,3.0
383,Vieste,IT,"2021, 11, 29 22:02:57",41.8825,16.175,43.32,88,100,22.48
384,Padang,ID,"2021, 11, 29 22:02:57",-0.9492,100.3543,75.56,87,64,3.11
385,Pocone,BR,"2021, 11, 29 22:02:58",-16.2567,-56.6228,83.75,69,88,5.48
386,Saint-Pierre,RE,"2021, 11, 29 22:02:58",-21.3393,55.4781,76.64,80,40,5.75
387,Sur,OM,"2021, 11, 29 21:58:10",22.5667,59.5289,72.54,75,0,7.16
388,Akhaldaba,GE,"2021, 11, 29 22:02:59",41.654,42.1516,59.56,63,31,9.91
389,Abhar,IR,"2021, 11, 29 22:02:59",36.1468,49.218,45.19,65,0,6.64
390,Newport,GB,"2021, 11, 29 22:03:00",51.5877,-2.9984,47.61,91,63,8.99
391,Margate,GB,"2021, 11, 29 22:03:00",51.3813,1.3862,40.03,77,77,1.99
392,High Level,CA,"2021, 11, 29 22:03:01",58.5169,-117.136,10.76,97,59,1.74
393,Vestmannaeyjar,IS,"2021, 11, 29 21:58:06",63.4427,-20.2734,35.87,91,100,34.02
394,Ust-Maya,RU,"2021, 11, 29 22:03:01",60.4167,134.5333,-12.06,100,100,1.36
395,Okhotsk,RU,"2021, 11, 29 22:03:01",59.3833,143.3,-12.59,87,16,18.28
396,Tawang,IN,"2021, 11, 29 22:03:02",27.5833,91.8667,36.34,82,86,4.05
397,Hambantota,LK,"2021, 11, 29 22:03:02",6.1241,81.1185,77.0,87,85,4.76
398,Alepe,CI,"2021, 11, 29 22:03:03",5.5004,-3.6631,82.27,91,18,2.62
399,Bow Island,CA,"2021, 11, 29 22:00:02",49.8668,-111.3684,48.47,51,100,4.61
400,Novosheshminsk,RU,"2021, 11, 29 22:03:04",55.0651,51.2338,35.29,86,100,22.06
401,Panguna,PG,"2021, 11, 29 22:03:04",-6.3164,155.4848,77.18,75,100,3.62
402,Nerchinskiy Zavod,RU,"2021, 11, 29 22:03:04",51.3088,119.61,-8.39,100,63,1.9
403,Utrera,ES,"2021, 11, 29 22:03:05",37.1852,-5.7809,53.8,76,75,3.44
404,Biak,ID,"2021, 11, 29 22:01:47",-0.9131,122.8766,75.78,85,97,2.17
405,Anadyr,RU,"2021, 11, 29 22:03:05",64.75,177.4833,-5.3,84,40,0.0
406,Andra,RU,"2021, 11, 29 22:03:06",62.5147,65.8878,23.31,89,81,12.41
407,Tessalit,ML,"2021, 11, 29 22:03:06",20.1986,1.0114,71.82,25,1,11.12
408,Diego De Almagro,CL,"2021, 11, 29 22:04:07",-26.3667,-70.05,72.81,23,0,8.59
409,Sukhumi,GE,"2021, 11, 29 22:04:07",43.0033,41.0153,64.58,61,100,5.59
410,Hasaki,JP,"2021, 11, 29 22:04:08",35.7333,140.8333,30.6,62,20,4.59
411,Yichun,CN,"2021, 11, 29 22:04:08",47.7,128.9,0.05,98,83,0.56
412,Daitari,IN,"2021, 11, 29 22:04:08",21.1,85.75,59.34,59,24,3.89
413,Bloemfontein,ZA,"2021, 11, 29 22:02:30",-29.1211,26.214,66.15,24,0,8.32
414,Luau,AO,"2021, 11, 29 22:04:09",-10.7073,22.2247,64.42,97,85,1.72
415,Arcachon,FR,"2021, 11, 29 22:04:09",44.5875,-1.0519,41.32,93,76,3.44
416,Gewane,ET,"2021, 11, 29 22:04:10",10.1664,40.6453,74.61,35,17,3.56
417,Yazd,IR,"2021, 11, 29 22:04:10",31.8972,54.3675,53.6,50,11,5.53
418,Hofn,IS,"2021, 11, 29 22:04:10",64.2539,-15.2082,26.29,90,100,11.01
419,Sambava,MG,"2021, 11, 29 22:04:11",-14.2667,50.1667,75.51,84,35,6.13
420,Takapau,NZ,"2021, 11, 29 22:04:11",-40.0333,176.35,65.73,99,100,1.83
421,Flin Flon,CA,"2021, 11, 29 22:02:00",54.7682,-101.865,31.96,79,68,14.54
422,Komyshnya,UA,"2021, 11, 29 22:04:12",50.1859,33.684,45.68,80,100,22.39
423,Santa Maria,BR,"2021, 11, 29 22:02:04",-29.6842,-53.8069,71.78,63,85,6.29
424,Dentsville,US,"2021, 11, 29 22:04:12",34.064,-80.9582,53.53,30,1,0.0
425,Atasu,KZ,"2021, 11, 29 22:04:13",48.6814,71.6433,11.71,79,100,3.27
426,Oda,JP,"2021, 11, 29 22:04:13",35.1833,132.5,36.37,81,72,12.17
427,Terrace,CA,"2021, 11, 29 22:04:14",54.5163,-128.6035,31.91,100,90,2.3
428,Bilibino,RU,"2021, 11, 29 22:04:14",68.0546,166.4372,-10.44,100,93,5.19
429,Auki,SB,"2021, 11, 29 22:04:14",-8.7676,160.7034,83.53,72,97,3.36
430,San Juan,AR,"2021, 11, 29 22:03:46",-31.5375,-68.5364,89.58,13,2,10.96
431,Labuan,MY,"2021, 11, 29 22:04:15",5.2767,115.2417,73.56,72,100,2.75
432,Sola,VU,"2021, 11, 29 22:04:15",-13.8833,167.55,81.91,74,100,10.83
433,De Aar,ZA,"2021, 11, 29 22:04:16",-30.6497,24.0123,71.38,20,8,3.71
434,Southbridge,US,"2021, 11, 29 22:04:16",42.0751,-72.0334,36.05,61,100,5.01
435,Along,IN,"2021, 11, 29 22:04:16",28.1667,94.7667,52.12,66,81,1.86
436,Kasama,ZM,"2021, 11, 29 22:04:17",-10.2129,31.1808,67.87,56,11,4.25
437,Bandarbeyla,SO,"2021, 11, 29 22:04:17",9.4942,50.8122,77.45,71,22,19.1
438,Vardo,NO,"2021, 11, 29 22:04:18",70.3705,31.1107,22.98,74,75,16.11
439,Ribeira Brava,PT,"2021, 11, 29 22:04:18",32.65,-17.0667,63.72,72,22,4.83
440,Aykhal,RU,"2021, 11, 29 22:04:18",66.0,111.5,-26.91,100,96,3.87
441,Khulo,GE,"2021, 11, 29 22:04:19",41.644,42.3129,57.13,69,22,7.65
442,Terrasini,IT,"2021, 11, 29 22:04:19",38.146,13.0844,51.71,70,94,14.0
443,Durgapur,IN,"2021, 11, 29 22:04:20",23.4833,87.3167,64.85,58,68,5.59
444,Istok,XK,"2021, 11, 29 22:04:20",42.7808,20.4875,35.17,98,100,5.35
445,Marzuq,YE,"2021, 11, 29 22:04:20",14.4,46.4667,61.97,40,0,4.25
446,Grand Gaube,MU,"2021, 11, 29 22:00:52",-20.0064,57.6608,74.37,72,0,4.0
447,Yarmouth,US,"2021, 11, 29 22:04:21",41.7057,-70.2286,39.96,70,90,11.5
448,Fairbanks,US,"2021, 11, 29 22:00:02",64.8378,-147.7164,-7.76,72,95,2.13
449,Burnie,AU,"2021, 11, 29 22:04:21",-41.0667,145.9167,57.49,77,81,11.1
450,Safford,US,"2021, 11, 29 22:04:22",32.834,-109.7076,72.93,18,1,3.44
451,Quatre Cocos,MU,"2021, 11, 29 22:04:22",-20.2078,57.7625,74.08,70,0,5.99
452,Dawson Creek,CA,"2021, 11, 29 22:04:23",55.7666,-120.2362,31.57,79,63,2.24
453,Kaeo,NZ,"2021, 11, 29 22:04:23",-35.1,173.7833,70.43,61,45,6.08
454,Coquimbo,CL,"2021, 11, 29 22:04:23",-29.9533,-71.3436,62.33,77,40,11.5
455,Puerto Escondido,MX,"2021, 11, 29 22:04:24",15.85,-97.0667,83.23,65,40,6.91
456,Palmer,US,"2021, 11, 29 22:02:45",42.1584,-72.3287,36.21,60,20,1.01
457,Iracoubo,GF,"2021, 11, 29 22:04:24",5.4802,-53.2011,78.66,86,100,7.11
458,Aklavik,CA,"2021, 11, 29 22:05:25",68.2191,-135.0107,-30.28,91,30,3.51
459,Gull Lake,CA,"2021, 11, 29 22:00:25",50.1001,-108.4847,42.06,61,100,4.74
460,Zyryanskoye,RU,"2021, 11, 29 22:05:26",56.8306,86.6258,17.82,81,100,12.93
461,Canton,CN,"2021, 11, 29 22:05:26",23.1167,113.25,66.99,58,1,15.84
462,Bend,US,"2021, 11, 29 22:05:26",44.0582,-121.3153,60.08,49,1,1.01
463,Manicore,BR,"2021, 11, 29 22:05:27",-5.8092,-61.3003,78.62,86,89,2.84
464,Sangueya,GN,"2021, 11, 29 22:05:27",10.7,-14.3667,77.58,83,77,2.75
465,Shitanjing,CN,"2021, 11, 29 22:05:28",39.2342,106.3439,20.59,42,0,4.29
466,Pishin,PK,"2021, 11, 29 22:05:28",30.5803,66.9961,51.1,38,100,2.08
467,San Juan Del Sur,NI,"2021, 11, 29 22:05:28",11.2529,-85.8705,79.9,75,99,22.12
468,Aerzen,DE,"2021, 11, 29 22:05:29",52.0495,9.2586,37.38,89,100,8.52
469,Qujing,CN,"2021, 11, 29 22:05:29",25.4833,103.7833,38.93,98,100,8.3
470,Humaita,BR,"2021, 11, 29 22:05:30",-7.5061,-63.0208,83.57,71,99,2.91
471,La Serena,CL,"2021, 11, 29 22:05:30",-29.9078,-71.2542,62.11,77,40,11.5
472,Fort Nelson,CA,"2021, 11, 29 22:05:30",58.8053,-122.7002,17.19,93,83,2.39
473,Richards Bay,ZA,"2021, 11, 29 22:05:15",-28.783,32.0377,69.55,94,19,5.61
474,Zabaykalsk,RU,"2021, 11, 29 22:05:31",49.6333,117.3167,6.26,95,58,9.35
475,Cap Malheureux,MU,"2021, 11, 29 22:05:31",-19.9842,57.6142,74.46,73,0,3.0
476,Dashitou,CN,"2021, 11, 29 22:05:32",43.3067,128.5114,22.59,96,100,3.91
477,Tabory,RU,"2021, 11, 29 22:05:32",58.5198,64.5495,29.01,95,99,5.61
478,Nara,JP,"2021, 11, 29 22:05:33",34.6851,135.8049,51.98,71,1,3.67
479,Datong,CN,"2021, 11, 29 22:05:33",40.0936,113.2914,20.48,38,1,17.74
480,Susuman,RU,"2021, 11, 29 22:05:33",62.7833,148.1667,-18.99,99,100,1.36
481,Sekoma,BW,"2021, 11, 29 22:05:34",-24.4,23.8833,73.76,56,94,10.92
482,Palana,RU,"2021, 11, 29 22:05:34",59.1167,159.9667,14.14,86,100,7.14
483,Bela,IN,"2021, 11, 29 22:05:35",25.9333,81.9833,61.07,54,26,4.34
484,Caborca,MX,"2021, 11, 29 22:05:35",30.5838,-111.101,77.9,19,0,3.56
485,Chiredzi,ZW,"2021, 11, 29 22:05:35",-21.05,31.6667,77.02,46,9,6.35
486,Jiaohe,CN,"2021, 11, 29 22:05:36",43.7286,127.3447,23.07,95,100,3.53
487,Nanga Eboko,CM,"2021, 11, 29 22:05:36",4.6833,12.3667,70.65,73,75,1.36
488,Itarema,BR,"2021, 11, 29 22:05:37",-2.9248,-39.9167,80.98,77,75,14.67
489,Bima,ID,"2021, 11, 29 22:05:37",-8.4667,118.7167,76.23,89,100,1.61
490,Urzhum,RU,"2021, 11, 29 22:05:37",57.1141,49.9996,35.11,99,100,17.07
491,Rampura,IN,"2021, 11, 29 22:05:38",30.25,75.2333,57.54,38,0,5.3
492,Bethanien,NA,"2021, 11, 29 22:05:38",-26.502,17.1583,65.95,44,0,6.49
493,Rafaela,AR,"2021, 11, 29 22:05:39",-31.2503,-61.4867,82.98,21,0,1.99
494,Ketchikan,US,"2021, 11, 29 22:05:28",55.3422,-131.6461,34.27,93,90,0.0
495,Sosnovo-Ozerskoye,RU,"2021, 11, 29 22:05:40",52.5249,111.5418,7.56,96,82,9.62
496,Faya,SA,"2021, 11, 29 22:05:40",18.3851,42.4509,52.32,49,0,5.95
497,Sabang,ID,"2021, 11, 29 22:05:40",5.8933,95.3214,76.15,86,100,5.95
498,Abu Dhabi,AE,"2021, 11, 29 22:04:04",24.4667,54.3667,74.97,76,20,1.01
499,Shahpur,IN,"2021, 11, 29 22:05:41",16.7,76.8333,69.73,85,85,6.31
500,Lerwick,GB,"2021, 11, 29 22:05:42",60.1545,-1.1494,39.2,67,72,25.26
501,Gotha,DE,"2021, 11, 29 22:05:42",50.9482,10.7019,35.53,90,90,5.01
502,Dorolt,RO,"2021, 11, 29 22:05:43",47.85,22.8167,38.14,93,75,3.44
503,Novopokrovka,UA,"2021, 11, 29 22:06:43",49.8425,36.5477,52.18,79,99,22.39
504,Ampanihy,MG,"2021, 11, 29 22:06:43",-24.7,44.75,63.73,93,0,5.79
505,Espanola,US,"2021, 11, 29 22:06:44",35.9911,-106.0806,69.66,22,0,1.28
506,Gigmoto,PH,"2021, 11, 29 22:06:44",13.7796,124.39,79.99,85,100,3.98
507,Bardiyah,LY,"2021, 11, 29 22:06:45",31.7561,25.0865,66.67,77,74,10.89
508,Kladanj,BA,"2021, 11, 29 22:06:45",44.2264,18.6914,29.48,94,100,6.55
509,Egvekinot,RU,"2021, 11, 29 22:06:45",66.3167,-179.1667,-7.78,77,100,3.44
510,Jardim,BR,"2021, 11, 29 22:03:20",-21.4803,-56.1381,71.15,97,100,5.14
511,Prince George,CA,"2021, 11, 29 22:04:38",53.9166,-122.753,38.28,82,81,1.99
512,Pacific Grove,US,"2021, 11, 29 22:06:46",36.6177,-121.9166,79.43,67,1,1.01
513,Tucupita,VE,"2021, 11, 29 22:06:47",9.0622,-62.051,76.3,87,70,3.53
514,Meadow Lake,US,"2021, 11, 29 22:06:47",34.8014,-106.5436,70.57,23,0,3.71
515,Bonavista,CA,"2021, 11, 29 22:06:47",48.6499,-53.1147,40.12,87,87,9.06
516,Dzhebariki-Khaya,RU,"2021, 11, 29 22:06:48",62.2167,135.8,-12.73,99,100,0.45
517,Kirakira,SB,"2021, 11, 29 22:06:48",-10.4544,161.9205,84.43,72,76,6.62
518,Joaima,BR,"2021, 11, 29 22:06:48",-16.6542,-41.0306,75.4,84,79,1.88
519,Sidrolandia,BR,"2021, 11, 29 22:01:53",-20.9319,-54.9614,72.39,97,95,6.96
520,Sayyan,YE,"2021, 11, 29 22:06:49",15.1718,44.3244,46.6,56,0,4.99
521,San Luis,AR,"2021, 11, 29 22:06:49",-33.295,-66.3356,82.27,20,0,10.92
522,Saint Anthony,US,"2021, 11, 29 22:06:50",45.0205,-93.218,51.69,47,20,19.57
523,Jalu,LY,"2021, 11, 29 22:06:50",29.0331,21.5482,61.9,54,80,11.52
524,Bulgan,MN,"2021, 11, 29 22:06:51",48.8125,103.5347,9.84,85,89,3.47
525,Trincomalee,LK,"2021, 11, 29 22:06:51",8.5711,81.2335,78.64,83,40,4.81
526,Deputatskiy,RU,"2021, 11, 29 22:06:51",69.3,139.9,-14.53,97,100,4.56
527,Honningsvag,NO,"2021, 11, 29 22:06:52",70.9821,25.9704,13.53,86,26,32.08
528,Manono,CD,"2021, 11, 29 22:06:52",-7.3,27.4167,69.82,91,61,1.92
529,Griffith,US,"2021, 11, 29 22:06:53",41.5284,-87.4237,41.25,52,90,3.0
530,Senno,RU,"2021, 11, 29 22:06:53",59.5336,33.9167,27.16,92,100,11.92
531,Pahrump,US,"2021, 11, 29 22:06:53",36.2083,-115.9839,73.6,12,0,1.01
532,Cimislia,MD,"2021, 11, 29 22:06:54",46.52,28.7842,42.66,84,73,5.99
533,Sri Aman,MY,"2021, 11, 29 22:06:54",1.2376,111.4621,73.58,97,99,1.41
534,Paracuru,BR,"2021, 11, 29 22:04:42",-3.41,-39.0306,82.42,77,20,10.8
535,San Quintin,MX,"2021, 11, 29 22:06:55",30.4833,-115.95,69.57,54,0,11.36
536,Itaituba,BR,"2021, 11, 29 22:02:04",-4.2761,-55.9836,82.26,70,60,1.52
537,Samarai,PG,"2021, 11, 29 22:04:52",-10.6167,150.6667,83.8,78,29,7.9
538,Dourbali,TD,"2021, 11, 29 22:06:55",11.8091,15.8632,79.36,16,26,9.91
539,Tigil,RU,"2021, 11, 29 22:06:56",57.8,158.6667,11.28,97,100,2.84
540,Viransehir,TR,"2021, 11, 29 22:06:56",37.2353,39.7631,57.65,62,100,2.15
541,Walvis Bay,NA,"2021, 11, 29 22:06:57",-22.9575,14.5053,60.1,82,0,10.85
542,Zakamensk,RU,"2021, 11, 29 22:06:57",50.3741,103.2863,5.92,92,74,2.89
543,High Rock,BS,"2021, 11, 29 22:06:58",26.6208,-78.2833,68.02,65,23,14.07
544,Edendale,ZA,"2021, 11, 29 22:06:58",-29.6528,30.3147,65.62,97,42,3.15
545,Giehun,SL,"2021, 11, 29 22:06:58",7.8833,-11.05,74.28,94,100,2.35
546,The Valley,AI,"2021, 11, 29 22:06:59",18.217,-63.0578,82.54,78,40,10.36
547,Oktyabrskoye,RU,"2021, 11, 29 22:06:59",43.0645,44.7417,39.34,81,12,11.18
548,Boende,CD,"2021, 11, 29 22:07:00",-0.2167,20.8667,69.51,98,99,1.25
549,Varhaug,NO,"2021, 11, 29 22:07:00",58.6147,5.6457,38.89,96,100,21.45
550,Sangar,RU,"2021, 11, 29 22:07:00",63.9242,127.4739,-17.45,99,99,3.13
551,Guaraciaba Do Norte,BR,"2021, 11, 29 22:03:16",-4.1669,-40.7475,80.35,42,64,9.37
552,Halifax,CA,"2021, 11, 29 22:05:57",44.6453,-63.5724,47.08,97,100,3.0
553,Shizunai,JP,"2021, 11, 29 22:06:17",42.3339,142.3669,42.19,88,36,4.21
554,Corinto,GR,"2021, 11, 29 22:08:02",37.9407,22.9573,62.69,68,4,1.01
555,Karratha,AU,"2021, 11, 29 22:08:02",-20.7377,116.8463,80.49,66,2,9.15
556,Homer,US,"2021, 11, 29 22:05:22",59.6425,-151.5483,19.27,79,90,19.57
557,Xining,CN,"2021, 11, 29 22:08:02",36.6167,101.7667,16.3,53,0,2.08
558,Russell,US,"2021, 11, 29 22:08:03",32.3502,-85.1999,56.8,32,1,6.91
559,Tabas,IR,"2021, 11, 29 22:08:03",33.5959,56.9244,57.88,36,17,2.04
560,Ziarat,PK,"2021, 11, 29 22:08:04",30.3823,67.7282,38.37,48,85,2.59
561,Gravelbourg,CA,"2021, 11, 29 22:08:04",49.8834,-106.5512,42.91,61,100,6.71
562,Lesnoye,RU,"2021, 11, 29 22:08:04",58.2841,35.5158,35.35,99,100,9.64
563,Marsabit,KE,"2021, 11, 29 22:08:05",2.3284,37.9899,65.77,83,79,8.46
564,Sokoni,TZ,"2021, 11, 29 22:08:05",-6.4333,39.55,79.48,82,84,8.95
